{
  "interactionModel": {
    "dialog": {
      "intents": [
        {
          "slots": [
            {
              "name": "day",
              "elicitationRequired": true,
              "type": "AMAZON.Ordinal",
              "confirmationRequired": false,
              "prompts": {
                "elicitation": "Elicit.Slot.1123561900187.757187064863"
              }
            },
            {
              "name": "month",
              "elicitationRequired": true,
              "type": "AMAZON.Month",
              "confirmationRequired": false,
              "prompts": {
                "elicitation": "Elicit.Slot.1123561900187.1355488942108"
              }
            },
            {
              "name": "year",
              "elicitationRequired": true,
              "type": "AMAZON.FOUR_DIGIT_NUMBER",
              "confirmationRequired": false,
              "prompts": {
                "elicitation": "Elicit.Slot.1123561900187.36480736714"
              }
            }
          ],
          "name": "SpecifyPatientBirthdayIntent",
          "confirmationRequired": false,
          "prompts": {}
        },
        {
          "slots": [
            {
              "name": "PatientNameSlot",
              "elicitationRequired": true,
              "type": "AMAZON.FirstName",
              "confirmationRequired": false,
              "prompts": {
                "elicitation": "Elicit.Slot.506923080701.467258710930"
              }
            }
          ],
          "name": "SpecifyPatientNameIntent",
          "confirmationRequired": false,
          "prompts": {}
        },
        {
          "slots": [
            {
              "name": "ExistingPatientNameSlot",
              "elicitationRequired": true,
              "type": "AMAZON.FirstName",
              "confirmationRequired": false,
              "prompts": {
                "elicitation": "Elicit.Slot.22630772746.343116715010"
              }
            }
          ],
          "name": "CheckPatientBirthdayIntent",
          "confirmationRequired": false,
          "prompts": {}
        },
        {
          "slots": [
            {
              "name": "DeletePatientNameSlot",
              "elicitationRequired": true,
              "type": "AMAZON.FirstName",
              "confirmationRequired": false,
              "prompts": {
                "elicitation": "Elicit.Slot.466514508565.1634874992408"
              }
            }
          ],
          "name": "DeleteSpecificPatientBirthdayIntent",
          "confirmationRequired": false,
          "prompts": {}
        }
      ],
      "delegationStrategy": "ALWAYS"
    },
    "languageModel": {
      "intents": [
        {
          "name": "AMAZON.CancelIntent",
          "samples": []
        },
        {
          "name": "AMAZON.HelpIntent",
          "samples": []
        },
        {
          "name": "AMAZON.StopIntent",
          "samples": []
        },
        {
          "name": "AMAZON.NavigateHomeIntent",
          "samples": []
        },
        {
          "name": "AMAZON.FallbackIntent",
          "samples": []
        },
        {
          "slots": [],
          "name": "AddNewPatientIntent",
          "samples": [
            "add a new birthday",
            "I want to add a new birthday",
            "add a birthday entry to the skill",
            "add new birthday"
          ]
        },
        {
          "slots": [
            {
              "name": "PatientNameSlot",
              "type": "AMAZON.FirstName"
            }
          ],
          "name": "SpecifyPatientNameIntent",
          "samples": [
            "{PatientNameSlot}",
            "She is called {PatientNameSlot}",
            "He is called {PatientNameSlot}",
            "The patient\u0027s name is {PatientNameSlot}",
            "The patient is called {PatientNameSlot}"
          ]
        },
        {
          "slots": [
            {
              "name": "day",
              "type": "AMAZON.Ordinal"
            },
            {
              "name": "month",
              "type": "AMAZON.Month"
            },
            {
              "name": "year",
              "type": "AMAZON.FOUR_DIGIT_NUMBER"
            }
          ],
          "name": "SpecifyPatientBirthdayIntent",
          "samples": [
            "she was born in {month} {year}",
            "he was born in {month} {year}",
            "she was born on {month} {day} {year}",
            "he was born on {month} {day}",
            "{month} {year}",
            "{month} {day} {year}",
            "{month} {day}",
            "she was born on {day} {month} {year}",
            "he was born on {day} {month} {year}",
            "his date of birth is {day} {month} {year}",
            "{year} {month} {day}",
            "{day} {month} {year}",
            "her date of birth is {day} {month} {year}"
          ]
        },
        {
          "slots": [
            {
              "name": "ExistingPatientNameSlot",
              "type": "AMAZON.FirstName"
            }
          ],
          "name": "CheckPatientBirthdayIntent",
          "samples": [
            "what is the name of the {ExistingPatientNameSlot}",
            "who is the {ExistingPatientNameSlot} you are after",
            "when is {ExistingPatientNameSlot} birthday",
            "when is the birthday of {ExistingPatientNameSlot}",
            "{ExistingPatientNameSlot}"
          ]
        },
        {
          "slots": [],
          "name": "NextPatientBirthdayIntent",
          "samples": [
            "Whose birthday is coming up next",
            "tell me about the upcoming birthday",
            "whose birthday is next",
            "when is the next birthday coming up",
            "next birthday"
          ]
        },
        {
          "slots": [],
          "name": "DeleteAllBirthdaysIntent",
          "samples": [
            "delete all birthdays",
            "delete all the birthdays",
            "delete all birthdays from the database",
            "delete all birthday records from mongodb"
          ]
        },
        {
          "slots": [
            {
              "name": "DeletePatientNameSlot",
              "type": "AMAZON.FirstName"
            }
          ],
          "name": "DeleteSpecificPatientBirthdayIntent",
          "samples": [
            "remove patient",
            "remove patient from database",
            "delete patient from database",
            "delete {DeletePatientNameSlot} birthday",
            "delete {DeletePatientNameSlot} birhtday record",
            "delete the birthday record of {DeletePatientNameSlot}",
            "remove {DeletePatientNameSlot} birthday from the database"
          ]
        }
      ],
      "types": [],
      "invocationName": "stored appointments"
    },
    "prompts": [
      {
        "variations": [
          {
            "type": "PlainText",
            "value": "and the {day} is"
          },
          {
            "type": "PlainText",
            "value": "which {day}"
          },
          {
            "type": "PlainText",
            "value": "what {day} is it again"
          }
        ],
        "id": "Elicit.Slot.1123561900187.757187064863"
      },
      {
        "variations": [
          {
            "type": "PlainText",
            "value": "which {month} "
          },
          {
            "type": "PlainText",
            "value": "specify the {month} please"
          },
          {
            "type": "PlainText",
            "value": "what {month}"
          }
        ],
        "id": "Elicit.Slot.1123561900187.1355488942108"
      },
      {
        "variations": [
          {
            "type": "PlainText",
            "value": "what {year} is it"
          },
          {
            "type": "PlainText",
            "value": "what is the {year}"
          },
          {
            "type": "PlainText",
            "value": "which {year}"
          }
        ],
        "id": "Elicit.Slot.1123561900187.36480736714"
      },
      {
        "variations": [
          {
            "type": "PlainText",
            "value": "he is {PatientNameSlot}"
          },
          {
            "type": "PlainText",
            "value": "she is {PatientNameSlot}"
          },
          {
            "type": "PlainText",
            "value": "her name is {PatientNameSlot}"
          },
          {
            "type": "PlainText",
            "value": "{PatientNameSlot}"
          },
          {
            "type": "PlainText",
            "value": "his name is {PatientNameSlot}"
          }
        ],
        "id": "Elicit.Slot.506923080701.467258710930"
      },
      {
        "variations": [
          {
            "type": "PlainText",
            "value": "which {ExistingPatientNameSlot} birthday are you after"
          },
          {
            "type": "PlainText",
            "value": "what {ExistingPatientNameSlot} birthday are  you after"
          },
          {
            "type": "PlainText",
            "value": "when is the birthday of {ExistingPatientNameSlot}"
          }
        ],
        "id": "Elicit.Slot.22630772746.343116715010"
      },
      {
        "variations": [
          {
            "type": "PlainText",
            "value": "remove {DeletePatientNameSlot} from database"
          },
          {
            "type": "PlainText",
            "value": "what {DeletePatientNameSlot} birthday are you removing"
          },
          {
            "type": "PlainText",
            "value": "which {DeletePatientNameSlot} would you like to remove"
          }
        ],
        "id": "Elicit.Slot.466514508565.1634874992408"
      }
    ]
  }
}