{
  "interactionModel": {
    "dialog": {
      "intents": [
        {
          "slots": [
            {
              "name": "patient",
              "elicitationRequired": false,
              "type": "AMAZON.FirstName",
              "confirmationRequired": false,
              "prompts": {}
            },
            {
              "name": "schedule",
              "elicitationRequired": true,
              "type": "AMAZON.DATE",
              "confirmationRequired": false,
              "prompts": {
                "elicitation": "Elicit.Slot.746758944679.452952583481"
              }
            }
          ],
          "name": "StoreAppointment",
          "confirmationRequired": false,
          "prompts": {}
        },
        {
          "slots": [
            {
              "name": "schedule",
              "elicitationRequired": true,
              "type": "AMAZON.DATE",
              "confirmationRequired": false,
              "prompts": {
                "elicitation": "Elicit.Slot.1012604183992.1583378764338"
              }
            },
            {
              "name": "patient",
              "elicitationRequired": true,
              "type": "AMAZON.FirstName",
              "confirmationRequired": false,
              "prompts": {
                "elicitation": "Elicit.Slot.1012604183992.524953313486"
              }
            }
          ],
          "name": "ReadStoredAppointment",
          "confirmationRequired": false,
          "prompts": {}
        },
        {
          "slots": [
            {
              "name": "patient",
              "elicitationRequired": true,
              "type": "AMAZON.FirstName",
              "confirmationRequired": false,
              "prompts": {
                "elicitation": "Elicit.Slot.984669582994.1337382861473"
              }
            }
          ],
          "name": "CancelAppointment",
          "confirmationRequired": false,
          "prompts": {}
        }
      ],
      "delegationStrategy": "ALWAYS"
    },
    "languageModel": {
      "intents": [
        {
          "name": "AMAZON.CancelIntent",
          "samples": []
        },
        {
          "name": "AMAZON.HelpIntent",
          "samples": []
        },
        {
          "name": "AMAZON.StopIntent",
          "samples": []
        },
        {
          "slots": [],
          "name": "HelloWorldIntent",
          "samples": [
            "hello",
            "how are you",
            "say hi world",
            "say hi",
            "hi",
            "say hello world",
            "say hello"
          ]
        },
        {
          "name": "AMAZON.NavigateHomeIntent",
          "samples": []
        },
        {
          "name": "AMAZON.FallbackIntent",
          "samples": []
        },
        {
          "slots": [
            {
              "name": "patient",
              "type": "AMAZON.FirstName"
            },
            {
              "name": "schedule",
              "type": "AMAZON.DATE"
            }
          ],
          "name": "StoreAppointment",
          "samples": [
            "book an appointment for {schedule}",
            "store an appoinment for {schedule}",
            "{schedule}",
            "{patient}",
            "schedule an appointment for {patient} on {schedule}",
            "book an appointment for {patient} on {schedule}",
            "store an appoinment for {patient}"
          ]
        },
        {
          "slots": [
            {
              "name": "schedule",
              "type": "AMAZON.DATE"
            },
            {
              "name": "patient",
              "type": "AMAZON.FirstName"
            }
          ],
          "name": "ReadStoredAppointment",
          "samples": [
            "what is the {schedule} for {patient}"
          ]
        },
        {
          "slots": [
            {
              "name": "patient",
              "type": "AMAZON.FirstName"
            }
          ],
          "name": "CancelAppointment",
          "samples": [
            "can you cancel the appointment for patient",
            "cancel appointment for {patient}",
            "could you please cancel the appointment for {patient}"
          ]
        }
      ],
      "types": [],
      "invocationName": "stored appointments"
    },
    "prompts": [
      {
        "variations": [
          {
            "type": "PlainText",
            "value": "when is the appointment {schedule} for"
          },
          {
            "type": "PlainText",
            "value": "what {schedule} are you looking to book {patient} for?"
          }
        ],
        "id": "Elicit.Slot.746758944679.452952583481"
      },
      {
        "variations": [
          {
            "type": "PlainText",
            "value": "what {schedule} are you after?"
          }
        ],
        "id": "Elicit.Slot.1012604183992.1583378764338"
      },
      {
        "variations": [
          {
            "type": "PlainText",
            "value": "What appointments do I have for {schedule}"
          },
          {
            "type": "PlainText",
            "value": "Retrieve the appointment for {patient} on {schedule}"
          },
          {
            "type": "PlainText",
            "value": "which {patient} schedule do you wish to see?"
          },
          {
            "type": "PlainText",
            "value": "what {patient} are you after?"
          }
        ],
        "id": "Elicit.Slot.1012604183992.524953313486"
      },
      {
        "variations": [
          {
            "type": "PlainText",
            "value": "what is the name of the {patient} you\u0027d like to cancel the appointment for?"
          },
          {
            "type": "PlainText",
            "value": "which {patient} \u0027s appointment would you like to delete?"
          }
        ],
        "id": "Elicit.Slot.984669582994.1337382861473"
      }
    ]
  }
}